date	keyword	title	slug	status
2026-03-17	medicare supplement plan g cost for 66 year old	Medicare Supplement Plan G Cost for 66 Year Old | MedicareYourself	medicare-supplement-plan-g-cost-for-66-year-old	written
2026-03-17	plan g rates for 66 year old in new jersey	Plan G Rates for 66 Year Old in New Jersey | MedicareYourself	plan-g-rates-for-66-year-old-in-new-jersey	written
2026-03-17	enroll in medicare supplement plan g at 66	Enroll in Medicare Supplement Plan G at 66 | MedicareYourself	enroll-in-medicare-supplement-plan-g-at-66	written
2026-03-17	medicare supplement plan g cost for 67 year old	Medicare Supplement Plan G Cost for 67 Year Old | MedicareYourself	medicare-supplement-plan-g-cost-for-67-year-old	written
2026-03-17	plan g rates for 67 year old in new jersey	Plan G Rates for 67 Year Old in New Jersey | MedicareYourself	plan-g-rates-for-67-year-old-in-new-jersey	written
2026-03-17	can you switch medicare supplement plans anytime	Can You Switch Medicare Supplement Plans Anytime? | MedicareYourself	can-you-switch-medicare-supplement-plans-anytime	written
2026-03-17	independent medicare brokers near me	Independent Medicare Brokers Near Me | Free Help | MedicareYourself	independent-medicare-brokers-near-me	written
2026-03-17	a medicare supplement start any day of the month	Can a Medicare Supplement Start Any Day of the Month? | MedicareYourself	a-medicare-supplement-start-any-day-of-the-month	written
2026-03-17	same day medicare supplement enrollment online	Same Day Medicare Supplement Enrollment Online | MedicareYourself	same-day-medicare-supplement-enrollment-online	written
2026-03-17	medicare broker no cost to you near me	Medicare Broker No Cost to You Near Me | NJ & PA | MedicareYourself	medicare-broker-no-cost-to-you-near-me	written
2026-03-17	medicare agent that helps with paperwork near me	Medicare Agent That Helps With Paperwork | MedicareYourself	medicare-agent-that-helps-with-paperwork-near-me	written
2026-03-17	free medicare advocate near me	Free Medicare Advocate Near Me | Licensed NJ Broker | MedicareYourself	free-medicare-advocate-near-me	written
2026-03-17	medicare enrollment help for people with diabetes	Medicare Enrollment Help for People With Diabetes | MedicareYourself	medicare-enrollment-help-for-people-with-diabetes	written
2026-03-17	medicare enrollment help for people with lupus	Medicare Enrollment Help for People With Lupus | MedicareYourself	medicare-enrollment-help-for-people-with-lupus	written
2026-03-17	best medicare insurance brokers near me	Best Medicare Insurance Brokers Near Me | NJ | MedicareYourself	best-medicare-insurance-brokers-near-me	written
2026-03-17	independent medicare supplement insurance agents	Independent Medicare Supplement Insurance Agents | MedicareYourself	independent-medicare-supplement-insurance-agents	written
2026-03-17	independent medicare advantage agents near me	Independent Medicare Advantage Agents Near Me | MedicareYourself	independent-medicare-advantage-agents-near-me	written
2026-03-17	independent medicare supplement insurance agents near me	Independent Medicare Supplement Agents Near Me | MedicareYourself	independent-medicare-supplement-insurance-agents-near-me	written
2026-03-17	medicare brokers in my area	Medicare Brokers in My Area | NJ Licensed | MedicareYourself	medicare-brokers-in-my-area	written
2026-03-17	medicare advantage agents near me	Medicare Advantage Agents Near Me | NJ Plans | MedicareYourself	medicare-advantage-agents-near-me	written
2026-03-17	need help finding best and cheapest medicare supplement	Best and Cheapest Medicare Supplement | Find Yours | MedicareYourself	best-and-cheapest-medicare-supplement	written
2026-03-17	what's the best medicare plan for someone with chronic conditions	Best Medicare Plan for Chronic Conditions | Expert Help | MedicareYourself	best-medicare-plan-for-chronic-conditions	written
2026-03-17	free medicare agent that helps with paperwork	Free Medicare Agent That Helps With Paperwork | MedicareYourself	free-medicare-agent-that-helps-with-paperwork	written
2026-03-17	medicare supplement for seniors turning 65	Medicare Supplement for Seniors Turning 65 | Best Rates | MedicareYourself	medicare-supplement-for-seniors-turning-65	written
2026-03-17	medicare broker for people with parkinsons	Medicare Broker for People With Parkinson's | MedicareYourself	medicare-broker-for-people-with-parkinsons	written
2026-03-17	my medicare supplement rate just jumped — why, and what can i do?	Medicare Supplement Rate Jumped? Why and What to Do | MedicareYourself	medicare-supplement-rate-jumped-why-and-what-can-i-do	written
2026-03-17	how to enroll in medicare in new jersey	How to Enroll in Medicare in New Jersey | Step by Step | MedicareYourself	how-to-enroll-in-medicare-in-new-jersey	written
2026-03-17	what time of the year can you switch medicare supplement plans	When Can You Switch Medicare Supplement Plans? | MedicareYourself	what-time-of-year-can-you-switch-medicare-supplement-plans	written
2026-03-17	medicare plan g foreign travel coverage	Medicare Plan G Foreign Travel Coverage | What's Included | MedicareYourself	medicare-plan-g-foreign-travel-coverage	written
2026-03-17	the best medicare plan for foreign travel	Best Medicare Plan for Foreign Travel | Compare Options | MedicareYourself	best-medicare-plan-for-foreign-travel	written
