date	query	cited	citation_url	mentioned_in_answer	all_citations
2026-03-13	best medicare supplement plans new jersey 2026	no		no	https://www.moneygeek.com/insurance/health/best-medicare-supplement-new-jersey/|https://www.nerdwallet.com/insurance/medicare/new-jersey-medicare-supplement-plans|https://medigapseminars.org/find-medicare-supplement-plans/new-jersey/|https://www.nj.gov/humanservices/doas/documents/2026%20Medicare%20Advantage%20Plan%20Chart%20-%20Website%20Version.pdf|https://medicareguide.com/best-medicare-supplement-plan-g-companies-2026
2026-03-13	medigap plan g new jersey cost	no		no	https://www.moneygeek.com/insurance/health/best-medicare-supplement-new-jersey/|https://www.healthline.com/health/medicare/medicare-supplement-plans-in-new-jersey|https://www.moneygeek.com/insurance/health/medicare-supplement-plans-cost/|https://www.nj.gov/humanservices/doas/documents/1%2013%2026%20Male-at-age-65-chart.pdf|https://medicareguide.com/new-jersey-medicare-supplement-plans
2026-03-13	medicare supplement vs medicare advantage new jersey	no		no	https://www.njseniorhealth.com/articles/medicare-advantage-versus-medicare-supplement--whats-the-difference|https://www.anthem.com/medicare/learn-about-medicare/medicare-supplement-vs-medicare-advantage|https://www.humana.com/medicare/medicare-resources/medicare-advantage-vs-medicare-supplement|https://www.youtube.com/watch?v=t7XBSZaPx5E|https://thebig65.com/medigap-plans-nj-guide/
2026-03-13	turning 65 in new jersey medicare	no		no	https://www.njlifeandhealth.com/medicare/turning-65|https://www.wellcare.com/en/resources/what-age-is-eligible-for-medicare|https://www.cms.gov/medicare/enrollment-renewal/original-part-a-b|https://www.usa.gov/medicare|https://www.hhs.gov/answers/medicare-and-medicaid/who-is-eligible-for-medicare/index.html
2026-03-13	plan g vs plan n new jersey	no		no	https://new-jersey.medicaresignups.com/medicare-supplement/new-jersey-medicare-supplement-plan-g-vs-plan-n|https://senior-advisors.com/medicare-plan-n-vs-plan-g/|https://unitedmedicareadvisors.com/blog/medicare-plans/medigap-plan-g-vs-plan-n/|https://www.nerdwallet.com/insurance/medicare/learn/medigap-plan-g-vs-n|https://www.solace.health/articles/medicare-plan-n-vs-plan-g
2026-03-13	what is medigap insurance	no		no	https://www.healthline.com/health/medicare/what-is-medigap|https://www.cms.gov/medicare/health-drug-plans/medigap|https://www.medicare.gov/health-drug-plans/medigap|https://www.medicareresources.org/medicare-benefits/medigap/|https://www.aarp.org/medicare/faq/what-is-medigap-insurance/
2026-03-13	medicare supplement plans pennsylvania 2026	no		no	https://www.healthline.com/health/medicare/medicare-plans-pennsylvania|https://www.moneygeek.com/insurance/health/best-medicare-supplement-pennsylvania/|https://www.nerdwallet.com/insurance/medicare/pennsylvania-medicare-supplement-plans|https://pennsylvania.medicaresignups.com/medicare-supplement/medicare-supplement-plans-in-pa|https://www.selectquote.com/medicare/medicare-plans/supplement-plans
2026-03-13	best medicare supplement plans pennsylvania	no		no	https://www.moneygeek.com/insurance/health/best-medicare-supplement-pennsylvania/|https://www.nerdwallet.com/insurance/medicare/pennsylvania-medicare-supplement-plans|https://medicareguide.com/best-medicare-supplement-plan-g-companies-2026|https://www.ibx.com/medicare/find-a-medicare-plan/medicare-supplement-plans|https://www.selectquote.com/medicare/medicare-plans/supplement-plans
2026-03-13	medicare parts a b c d explained	no		no	https://www.medicare.org/articles/what-is-the-difference-between-medicare-parts-a-b-c-and-d/|https://www.healthpartners.com/blog/parts-of-medicare-explained/|https://www.aarp.org/medicare/understanding-medicare-the-plans/|https://www.humana.com/medicare/medicare-resources/medicare-part-a-b-c-d-cost|https://www.medicare.gov/basics/get-started-with-medicare/get-more-coverage/your-coverage-options/compare-original-medicare-medicare-advantage
2026-03-13	medigap open enrollment new jersey	no		no	https://www.nj.gov/humanservices/doas/documents/2026%20Medicare%20Supplement%20Coverage%20Sold%20In%20New%20Jersey%20Under%2050%20Plan%20Information%201.8.26.pdf|https://www.nj.gov/dobi/pressreleases/pr260224.html|https://whyy.org/articles/pennsylvania-new-jersey-delaware-medicare-open-enrollment-changes/|https://www.venteur.com/blog/guide-to-health-insurance-in-new-jersey|https://www.aarp.org/states/new-jersey/medicare-open-enrollment-2026-what-new-jersey-residents-should-know/
2026-03-14	best medicare supplement plans new jersey 2026	no		no	https://www.nerdwallet.com/insurance/medicare/new-jersey-medicare-supplement-plans|https://www.moneygeek.com/insurance/health/best-medicare-supplement-new-jersey/|https://medigapseminars.org/find-medicare-supplement-plans/new-jersey/|https://www.healthline.com/health/medicare/medicare-plans-new-jersey|https://www.nj.gov/humanservices/doas/documents/2026%20Medicare%20Advantage%20Plan%20Chart%20-%20Website%20Version.pdf
2026-03-14	medigap plan g new jersey cost	no		no	https://www.healthline.com/health/medicare/medicare-supplement-plans-in-new-jersey|https://www.moneygeek.com/insurance/health/medicare-supplement-plans-cost/|https://www.nj.gov/humanservices/doas/documents/1%2013%2026%20Male-at-age-65-chart.pdf|https://www.youtube.com/watch?v=TB1rSpu80JE&vl=en-US|https://nj.gov/humanservices/doas/documents/1%2013%2026%20Female%20Age%2065%20Chart.pdf
2026-03-14	medicare supplement vs medicare advantage new jersey	no		no	https://www.njseniorhealth.com/articles/medicare-advantage-versus-medicare-supplement--whats-the-difference|https://www.healthspring.com/medicare/understanding-medicare/medicare-advantage-vs-medicare-supplement|https://www.gohealth.com/medicare/state-coverage/new-jersey-medicare-supplement/|https://www.wellcare.com/en/resources/medicare-advantage-vs-medicare-supplement|https://www.cloverhealth.com/blog/medicare-supplement-vs-medicare-advantage-plans
2026-03-14	turning 65 in new jersey medicare	no		no	https://www.medicalnewstoday.com/articles/medicare-in-new-jersey|https://www.njlifeandhealth.com/medicare/turning-65|https://www.cms.gov/medicare/enrollment-renewal/original-part-a-b|https://www.njseniorhealth.com/turning-65/turning-65-_-welcome-to-medicare|https://www.nj.gov/humanservices/doas/services/q-z/ship/
2026-03-14	plan g vs plan n new jersey	no		no	https://new-jersey.medicaresignups.com/medicare-supplement/new-jersey-medicare-supplement-plan-g-vs-plan-n|https://thebig65.com/new-jersey-medigap-plans/|https://senior-advisors.com/medicare-plan-n-vs-plan-g/|https://www.mutualofomaha.com/medicare-supplement-insurance/plan-g-vs-plan-n|https://unitedmedicareadvisors.com/blog/medicare-plans/medigap-plan-g-vs-plan-n/
2026-03-14	what is medigap insurance	no		no	https://www.cms.gov/medicare/health-drug-plans/medigap|https://en.wikipedia.org/wiki/Medigap|https://www.medicare.gov/health-drug-plans/medigap|https://www.aarp.org/medicare/faq/what-is-medigap-insurance/|https://www.ncoa.org/article/what-is-the-difference-between-medicare-advantage-and-medigap/
2026-03-14	medicare supplement plans pennsylvania 2026	no		no	https://www.healthline.com/health/medicare/medicare-plans-pennsylvania|https://www.moneygeek.com/insurance/health/best-medicare-supplement-pennsylvania/|https://www.nerdwallet.com/insurance/medicare/pennsylvania-medicare-supplement-plans|https://www.conniehealth.com/medicare-near-me/medicare-supplement-plans/pennsylvania/allegheny-county/pittsburgh/|https://www.ibx.com/medicare/find-a-medicare-plan/medicare-supplement-plans
2026-03-14	best medicare supplement plans pennsylvania	no		no	https://www.moneygeek.com/insurance/health/best-medicare-supplement-pennsylvania/|https://www.nerdwallet.com/insurance/medicare/pennsylvania-medicare-supplement-plans|https://medigapseminars.org/find-medicare-supplement-plans/pennsylvania/|https://medicareguide.com/best-medicare-supplement-plan-g-companies-2026|https://www.seniorliving.org/insurance/medigap/best/
2026-03-14	medicare parts a b c d explained	no		no	https://www.medicare.org/articles/what-is-the-difference-between-medicare-parts-a-b-c-and-d/|https://www.selectquote.com/medicare/articles/medicare-parts-a-through-d|https://www.aarp.org/medicare/understanding-medicare-the-plans/|https://www.healthpartners.com/blog/parts-of-medicare-explained/|https://www.humana.com/medicare/medicare-resources/medicare-part-a-b-c-d-cost
2026-03-14	medigap open enrollment new jersey	no		no	https://www.nj.gov/humanservices/doas/documents/2026%20Medicare%20Supplement%20Coverage%20Sold%20In%20New%20Jersey%20Under%2050%20Plan%20Information%201.8.26.pdf|https://www.nj.gov/getcoverednj/help/about/2026openenrollmentupdate/FinalSnapshot.pdf|https://www.healthline.com/health/medicare/medicare-plans-new-jersey|https://www.njseniorhealth.com/articles/changing-medigap-plans|https://www.medicare.gov/health-drug-plans/medigap/ready-to-buy/when
