date	keyword	slug	status	issues
2026-03-17	best medicare insurance brokers near me	best-medicare-insurance-brokers-near-me	built	score:82	
2026-03-17	independent medicare supplement insurance agents	independent-medicare-supplement-insurance-agents	built	score:94	
2026-03-17	independent medicare advantage agents near me	independent-medicare-advantage-agents-near-me	built	score:82	
2026-03-17	independent medicare supplement insurance agents near me	independent-medicare-supplement-insurance-agents-near-me	built	score:69	
2026-03-17	medicare brokers in my area	medicare-brokers-in-my-area	built	score:91	
2026-03-17	medicare advantage agents near me	medicare-advantage-agents-near-me	built	score:93	
2026-03-17	medicare agent that helps with paperwork near me	medicare-agent-that-helps-with-paperwork-near-me	built	score:70	
2026-03-17	free medicare advocate near me	free-medicare-advocate-near-me	built	score:91	
2026-03-17	medicare enrollment help for people with diabetes	medicare-enrollment-help-for-people-with-diabetes	built	score:73	
2026-03-17	medicare enrollment help for people with lupus	medicare-enrollment-help-for-people-with-lupus	built	score:70	
2026-03-17	need help finding best and cheapest medicare supplement	best-and-cheapest-medicare-supplement	built	score:79	
2026-03-17	what's the best medicare plan for someone with chronic conditions	best-medicare-plan-for-chronic-conditions	built	score:34	
2026-03-17	free medicare agent that helps with paperwork	free-medicare-agent-that-helps-with-paperwork	built	score:75	
2026-03-17	medicare supplement for seniors turning 65	medicare-supplement-for-seniors-turning-65	built	score:85	
2026-03-17	medicare broker for people with parkinsons	medicare-broker-for-people-with-parkinsons	built-with-warnings	score:58	Keyword "medicare broker for people with parkinsons" not found in content
2026-03-17	my medicare supplement rate just jumped — why, and what can i do?	medicare-supplement-rate-jumped-why-and-what-can-i-do	built	score:56	
2026-03-17	how to enroll in medicare in new jersey	how-to-enroll-in-medicare-in-new-jersey	built	score:86	
2026-03-17	what time of the year can you switch medicare supplement plans	what-time-of-year-can-you-switch-medicare-supplement-plans	built	score:76	
