date	query	question	slug	status
2026-07-13	paa	Is it a good idea to use a Medicare broker?	is-it-a-good-idea-to-use-a-medicare-broker	built
2026-07-13	paa	How much does a Medicare broker charge?	how-much-does-a-medicare-broker-charge	built
2026-07-13	paa	What's the difference between a Medicare agent and a Medicare broker?	whats-the-difference-between-a-medicare-agent-and-a-medicare-broker	built
2026-07-13	paa	Is there a Medicare broker?	is-there-a-medicare-broker	built
2026-07-13	paa	How much is Medigap plan G in NJ?	how-much-is-medigap-plan-g-in-nj	built
2026-07-13	paa	What is the disadvantage of plan G Medicare Supplement?	what-is-the-disadvantage-of-plan-g-medicare-supplement	built
2026-07-13	paa	Is Medicare Supplement G still available?	is-medicare-supplement-g-still-available	built
2026-07-13	paa	What is the best Medicare Supplement plan in NJ?	what-is-the-best-medicare-supplement-plan-in-nj	built
2026-07-13	paa	Is it better to go with a Medicare Advantage plan or Medicare Supplement plan?	is-it-better-to-go-with-a-medicare-advantage-plan-or-medicare-supplement-plan	built
2026-07-13	paa	What is the best Medicare plan in New Jersey?	what-is-the-best-medicare-plan-in-new-jersey	built
2026-07-13	paa	Why do people say not to get a Medicare Advantage plan?	why-do-people-say-not-to-get-a-medicare-advantage-plan	built
2026-07-13	paa	What are the disadvantages of a Medicare Supplement plan?	what-are-the-disadvantages-of-a-medicare-supplement-plan	built
2026-07-13	paa	Does Medicare automatically enroll you when you turn 65?	does-medicare-automatically-enroll-you-when-you-turn-65	built
2026-07-13	paa	What is the biggest mistake seniors make when enrolling in Medicare?	what-is-the-biggest-mistake-seniors-make-when-enrolling-in-medicare	built
2026-07-13	paa	Do I need to notify Social Security when I turn 65?	do-i-need-to-notify-social-security-when-i-turn-65	built
2026-07-13	paa	Does ALS qualify for Medicare?	does-als-qualify-for-medicare	built
2026-07-13	paa	How do I enroll in Medicare for the first time?	how-do-i-enroll-in-medicare-for-the-first-time	built
2026-07-13	paa	How much do I have to pay for Medicare when I turn 65?	how-much-do-i-have-to-pay-for-medicare-when-i-turn-65	built
2026-07-13	paa	Do I call my local Social Security office to apply for Medicare?	do-i-call-my-local-social-security-office-to-apply-for-medicare	built
2026-07-13	paa	Is Plan G better than Plan N?	is-plan-g-better-than-plan-n	built
