date	query	position	url	title
2026-03-13	best medicare supplement plans new jersey 2026	-1		
2026-03-13	medigap plan g new jersey cost	-1		
2026-03-13	medicare supplement vs medicare advantage new jersey	-1		
2026-03-13	turning 65 in new jersey medicare	-1		
2026-03-13	plan g vs plan n new jersey	-1		
2026-03-13	what is medigap insurance	-1		
2026-03-13	medicare supplement plans pennsylvania 2026	-1		
2026-03-13	best medicare supplement plans pennsylvania	-1		
2026-03-13	medicare parts a b c d explained	-1		
2026-03-13	medigap open enrollment new jersey	-1		
2026-03-14	best medicare supplement plans new jersey 2026	-1		
2026-03-14	medigap plan g new jersey cost	-1		
2026-03-14	medicare supplement vs medicare advantage new jersey	-1		
2026-03-14	turning 65 in new jersey medicare	-1		
2026-03-14	plan g vs plan n new jersey	6	https://www.medicareyourself.com/medicare-supplement/new-jersey/plan-g-vs-plan-n	Medigap Plan G vs Plan N in New Jersey (2026): Which Is Better?
2026-03-14	what is medigap insurance	-1		
2026-03-14	medicare supplement plans pennsylvania 2026	-1		
2026-03-14	best medicare supplement plans pennsylvania	-1		
2026-03-14	medicare parts a b c d explained	-1		
2026-03-14	medigap open enrollment new jersey	-1		
